"year","count","tag1","tag2","rank1","rank2"
2015,11,.net,ajax,14,1
2016,278,.net,ajax,19,1
2017,411,.net,ajax,21,1
2015,15,.net,android,9,1
2015,13,ajax,android,6,2
2016,545,ajax,android,12,1
2016,293,.net,android,15,2
2017,1455,ajax,android,13,1
2017,463,.net,android,15,2
2015,25,android,android-asynctask,12,1
2016,2694,android,android-asynctask,26,1
2017,4135,android,android-asynctask,17,1
2016,2895,android,android-fragment,21,1
2017,4812,android,android-fragment,11,1
2015,25,android,android-intent,13,1
2016,2899,android,android-intent,20,1
2017,4045,android,android-intent,20,1
2015,23,android,android-layout,15,1
2016,4105,android,android-layout,3,1
2017,5623,android,android-layout,5,1
2015,19,android,android-sqlite,18,1
2015,1,android-layout,android-sqlite,3,2
2016,3064,android,android-sqlite,15,1
2016,377,android-layout,android-sqlite,8,2
2017,4426,android,android-sqlite,14,1
2017,349,android-layout,android-sqlite,8,2
2015,2,android,android-studio,28,1
2016,4748,android,android-studio,2,1
2016,493,android-layout,android-studio,2,2
2016,279,ajax,android-studio,31,3
2017,7885,android,android-studio,2,1
2017,1017,ajax,android-studio,26,2
2017,595,android-layout,android-studio,1,3
2015,6,ajax,angularjs,17,1
2015,6,.net,angularjs,23,2
2015,5,android,angularjs,25,3
2016,2852,android,angularjs,23,1
2016,501,ajax,angularjs,17,2
2016,431,android-studio,angularjs,18,3
2016,233,.net,angularjs,26,4
2017,3429,android,angularjs,28,1
2017,1393,ajax,angularjs,14,2
2017,1220,android-studio,angularjs,19,3
2017,445,.net,angularjs,18,4
2016,555,angularjs,angularjs-2.0,27,1
2017,993,angularjs,angularjs-2.0,10,1
2016,468,ajax,apache,19,1
2017,1036,ajax,apache,24,1
2015,16,.net,asp.net,7,1
2015,10,angularjs,asp.net,9,2
2015,8,ajax,asp.net,12,3
2016,865,angularjs,asp.net,14,1
2016,530,ajax,asp.net,14,2
2016,342,.net,asp.net,5,3
2016,337,android-studio,asp.net,30,4
2017,1366,ajax,asp.net,15,1
2017,1179,android-studio,asp.net,24,2
2017,708,angularjs,asp.net,18,3
2017,579,.net,asp.net,6,4
2015,13,ajax,asp.net-mvc,7,1
2015,10,.net,asp.net-mvc,16,2
2015,6,asp.net,asp.net-mvc,17,3
2015,4,angularjs,asp.net-mvc,19,4
2016,652,angularjs,asp.net-mvc,22,1
2016,649,asp.net,asp.net-mvc,6,2
2016,493,ajax,asp.net-mvc,18,3
2016,316,.net,asp.net-mvc,8,4
2017,1420,asp.net,asp.net-mvc,8,1
2017,890,ajax,asp.net-mvc,32,2
2017,485,.net,asp.net-mvc,13,3
2017,419,angularjs,asp.net-mvc,30,4
2015,15,asp.net,asp.net-mvc-5,5,1
2015,14,asp.net-mvc,asp.net-mvc-5,1,2
2015,12,.net,asp.net-mvc-5,12,3
2015,5,angularjs,asp.net-mvc-5,18,4
2016,720,angularjs,asp.net-mvc-5,19,1
2016,564,asp.net,asp.net-mvc-5,12,2
2016,506,asp.net-mvc,asp.net-mvc-5,4,3
2016,280,.net,asp.net-mvc-5,18,4
2017,1271,asp.net,asp.net-mvc-5,13,1
2017,643,asp.net-mvc,asp.net-mvc-5,3,2
2017,398,.net,asp.net-mvc-5,23,3
2017,386,angularjs,asp.net-mvc-5,32,4
2015,10,angularjs,bootstrap,10,1
2015,8,asp.net-mvc-5,bootstrap,10,2
2015,7,.net,bootstrap,22,3
2015,6,asp.net-mvc,bootstrap,9,4
2015,6,ajax,bootstrap,15,5
2015,6,asp.net,bootstrap,18,6
2015,3,android,bootstrap,27,7
2016,2361,android,bootstrap,31,1
2016,816,angularjs,bootstrap,15,2
2016,725,ajax,bootstrap,7,3
2016,553,asp.net,bootstrap,14,4
2016,428,asp.net-mvc,bootstrap,7,5
2016,366,android-studio,bootstrap,25,6
2016,268,asp.net-mvc-5,bootstrap,9,7
2016,257,.net,bootstrap,22,8
2017,3386,android,bootstrap,29,1
2017,1769,ajax,bootstrap,8,2
2017,1207,asp.net,bootstrap,15,3
2017,1175,android-studio,bootstrap,25,4
2017,1129,angularjs,bootstrap,9,5
2017,544,asp.net-mvc,bootstrap,8,6
2017,363,asp.net-mvc-5,bootstrap,13,7
2017,355,.net,bootstrap,27,8
2015,35,android,c#,5,1
2015,27,asp.net-mvc-5,c#,1,2
2015,27,.net,c#,1,3
2015,21,asp.net,c#,1,4
2015,16,ajax,c#,3,5
2015,14,asp.net-mvc,c#,2,6
2015,14,angularjs,c#,3,7
2015,8,c,c#,6,8
2015,6,bootstrap,c#,7,9
2015,1,android-layout,c#,13,10
2015,1,android-studio,c#,3,11
2016,3338,android,c#,10,1
2016,956,asp.net,c#,1,2
2016,952,angularjs,c#,8,3
2016,660,asp.net-mvc,c#,1,4
2016,596,ajax,c#,10,5
2016,515,bootstrap,c#,10,6
2016,512,android-studio,c#,7,7
2016,490,.net,c#,1,8
2016,467,c,c#,3,9
2016,411,asp.net-mvc-5,c#,1,10
2016,346,android-layout,c#,14,11
2017,4567,android,c#,12,1
2017,2184,asp.net,c#,1,2
2017,1514,android-studio,c#,9,3
2017,1509,ajax,c#,12,4
2017,942,c,c#,9,5
2017,917,.net,c#,1,6
2017,895,angularjs,c#,14,7
2017,843,asp.net-mvc,c#,1,8
2017,772,bootstrap,c#,10,9
2017,580,asp.net-mvc-5,c#,1,10
2017,250,android-layout,c#,17,11
2015,55,c#,c++,7,1
2015,11,c,c++,1,2
2015,5,bootstrap,c++,10,3
2016,1721,c#,c++,21,1
2016,587,c,c++,1,2
2016,347,android-studio,c++,28,3
2016,270,bootstrap,c++,28,4
2017,3287,c#,c++,28,1
2017,1289,c,c++,1,2
2017,1220,android-studio,c++,20,3
2017,428,bootstrap,c++,28,4
2015,60,c++,c++11,4,1
2015,6,c,c++11,9,2
2016,511,c++,c++11,10,1
2016,244,c,c++11,21,2
2017,1725,c++,c++11,8,1
2017,697,c,c++11,19,2
2016,492,c++,codeblocks,13,1
2016,245,c,codeblocks,20,2
2017,1355,c++,codeblocks,18,1
2017,571,c,codeblocks,27,2
2016,561,angularjs,codeigniter,26,1
2016,316,ajax,codeigniter,30,2
2016,307,bootstrap,codeigniter,23,3
2017,1228,ajax,codeigniter,19,1
2017,540,angularjs,codeigniter,22,2
2017,490,bootstrap,codeigniter,18,3
2015,1,angularjs,cordova,24,1
2016,695,angularjs,cordova,20,1
2017,391,angularjs,cordova,31,1
2015,37,c#,css,14,1
2015,31,android,css,9,2
2015,11,ajax,css,8,3
2015,10,asp.net-mvc-5,css,6,4
2015,8,angularjs,css,13,5
2015,7,asp.net-mvc,css,8,6
2015,6,asp.net,css,15,7
2015,5,c,css,11,8
2015,4,bootstrap,css,14,9
2015,2,.net,css,27,10
2015,1,android-layout,css,12,11
2016,3108,android,css,14,1
2016,1808,c#,css,18,2
2016,1022,angularjs,css,5,3
2016,756,bootstrap,css,5,4
2016,722,ajax,css,8,5
2016,546,asp.net,css,15,6
2016,469,android-studio,css,13,7
2016,414,asp.net-mvc,css,9,8
2016,341,android-layout,css,15,9
2016,274,c,css,18,10
2016,246,asp.net-mvc-5,css,11,11
2016,229,.net,css,27,12
2017,4996,c#,css,12,1
2017,4270,android,css,16,2
2017,1983,ajax,css,7,3
2017,1476,android-studio,css,11,4
2017,1309,asp.net,css,11,5
2017,1292,bootstrap,css,5,6
2017,1240,angularjs,css,7,7
2017,507,c,css,30,8
2017,497,asp.net-mvc,css,11,9
2017,467,.net,css,14,10
2017,392,asp.net-mvc-5,css,11,11
2017,251,android-layout,css,16,12
2015,28,android,css3,10,1
2015,21,css,css3,4,2
2015,20,c#,css3,20,3
2015,8,angularjs,css3,14,4
2015,7,bootstrap,css3,4,5
2015,5,asp.net,css3,20,6
2015,5,ajax,css3,22,7
2015,1,asp.net-mvc,css3,20,8
2016,2921,android,css3,18,1
2016,1632,c#,css3,23,2
2016,1228,css,css3,6,3
2016,889,angularjs,css3,12,4
2016,566,ajax,css3,11,5
2016,556,bootstrap,css3,8,6
2016,509,asp.net,css3,20,7
2016,433,android-studio,css3,17,8
2016,364,asp.net-mvc,css3,17,9
2017,3305,android,css3,32,1
2017,3292,c#,css3,27,2
2017,2671,css,css3,7,3
2017,1539,ajax,css3,10,4
2017,1187,android-studio,css3,23,5
2017,1018,bootstrap,css3,8,6
2017,1000,asp.net,css3,19,7
2017,917,angularjs,css3,13,8
2017,378,asp.net-mvc,css3,20,9
2016,506,c++,dev-c++,12,1
2016,197,c,dev-c++,28,2
2017,1526,c++,dev-c++,13,1
2017,749,c,dev-c++,14,2
2016,471,django,django-forms,9,1
2017,607,django,django-forms,7,1
2015,40,django,django-models,2,1
2016,631,django,django-models,2,1
2017,749,django,django-models,2,1
2015,35,django,djangorestframework,6,1
2016,421,django,djangorestframework,10,1
2017,436,django,djangorestframework,14,1
2015,16,android,eclipse,21,1
2015,5,c++,eclipse,24,2
2015,1,c,eclipse,24,3
2016,2916,android,eclipse,19,1
2016,449,android-studio,eclipse,15,2
2016,379,c++,eclipse,19,3
2016,275,c,eclipse,17,4
2017,3588,android,eclipse,23,1
2017,1366,c++,eclipse,17,2
2017,1247,android-studio,eclipse,18,3
2017,654,c,eclipse,20,4
2015,27,c#,entity-framework,18,1
2015,15,.net,entity-framework,8,2
2015,5,asp.net-mvc-5,entity-framework,12,3
2015,5,asp.net-mvc,entity-framework,16,4
2015,3,asp.net,entity-framework,25,5
2016,2190,c#,entity-framework,14,1
2016,553,asp.net,entity-framework,13,2
2016,388,asp.net-mvc,entity-framework,11,3
2016,297,asp.net-mvc-5,entity-framework,6,4
2016,251,.net,entity-framework,23,5
2017,3629,c#,entity-framework,21,1
2017,780,asp.net,entity-framework,28,2
2017,462,asp.net-mvc,entity-framework,14,3
2017,379,asp.net-mvc-5,entity-framework,12,4
2017,372,.net,entity-framework,24,5
2016,1493,c#,entity-framework-6,29,1
2016,298,asp.net-mvc,entity-framework-6,21,2
2017,2852,c#,entity-framework-6,31,1
2017,324,asp.net-mvc,entity-framework-6,22,2
2017,1306,c++,error,20,1
2015,19,c#,excel,21,1
2015,7,.net,excel,21,2
2015,5,asp.net-mvc,excel,14,3
2015,3,c++,excel,25,4
2015,3,asp.net,excel,23,5
2015,2,css,excel,26,6
2015,2,bootstrap,excel,21,7
2016,1657,c#,excel,22,1
2016,638,css,excel,20,2
2016,425,asp.net,excel,26,3
2016,317,bootstrap,excel,22,4
2016,256,asp.net-mvc,excel,24,5
2016,247,css3,excel,20,6
2016,223,.net,excel,28,7
2016,189,c++,excel,27,8
2016,163,c,excel,29,9
2017,4385,c#,excel,15,1
2017,1276,c++,excel,22,2
2017,1075,asp.net,excel,18,3
2017,1067,css,excel,28,4
2017,574,c,excel,26,5
2017,487,bootstrap,excel,19,6
2017,416,.net,excel,20,7
2017,361,css3,excel,28,8
2017,345,asp.net-mvc,excel,21,9
2015,5,android,firebase,26,1
2015,2,angularjs,firebase,22,2
2016,2876,android,firebase,22,1
2016,652,angularjs,firebase,21,2
2016,442,android-studio,firebase,16,3
2016,329,android-layout,firebase,18,4
2017,5173,android,firebase,8,1
2017,1706,android-studio,firebase,7,2
2017,507,angularjs,firebase,26,3
2017,359,android-layout,firebase,7,4
2015,31,django,git,10,1
2015,20,css,git,5,2
2015,8,css3,git,4,3
2015,7,bootstrap,git,6,4
2016,704,css,git,18,1
2016,367,django,git,16,2
2016,293,bootstrap,git,26,3
2016,264,css3,git,17,4
2017,936,css,git,32,1
2017,359,bootstrap,git,32,2
2017,343,css3,git,29,3
2017,229,django,git,19,4
2015,3,css,google-chrome,21,1
2015,3,css3,google-chrome,15,2
2016,506,css,google-chrome,27,1
2016,199,css3,google-chrome,26,2
2017,1019,css,google-chrome,30,1
2017,411,css3,google-chrome,25,2
2015,13,android,google-maps,23,1
2015,12,angularjs,google-maps,5,2
2015,4,css,google-maps,16,3
2015,3,css3,google-maps,18,4
2015,1,bootstrap,google-maps,25,5
2015,1,android-studio,google-maps,2,6
2016,3399,android,google-maps,9,1
2016,866,angularjs,google-maps,13,2
2016,752,css,google-maps,13,3
2016,529,android-studio,google-maps,6,4
2016,379,bootstrap,google-maps,14,5
2016,375,android-layout,google-maps,9,6
2016,302,css3,google-maps,10,7
2017,4341,android,google-maps,15,1
2017,1470,android-studio,google-maps,12,2
2017,1264,css,google-maps,18,3
2017,688,angularjs,google-maps,20,4
2017,491,css3,google-maps,17,5
2017,456,bootstrap,google-maps,25,6
2017,287,android-layout,google-maps,13,7
2016,2627,android,google-play,29,1
2016,392,android-studio,google-play,23,2
2016,339,android-layout,google-play,16,3
2017,3438,android,google-play,27,1
2017,1128,android-studio,google-play,32,2
2017,244,android-layout,google-play,18,3
2016,2940,android,gradle,17,1
2016,496,android-studio,gradle,9,2
2016,352,android-layout,gradle,13,3
2017,3370,android,gradle,30,1
2017,1214,android-studio,gradle,21,2
2017,266,android-layout,gradle,14,3
2015,69,c#,html,5,1
2015,43,c++,html,9,2
2015,36,android,html,3,3
2015,35,css,html,1,4
2015,30,django,html,11,5
2015,19,asp.net-mvc-5,html,4,6
2015,16,ajax,html,4,7
2015,14,.net,html,10,8
2015,14,css3,html,2,9
2015,13,asp.net-mvc,html,5,10
2015,10,angularjs,html,11,11
2015,10,asp.net,html,7,12
2015,7,bootstrap,html,3,13
2015,5,c,html,12,14
2015,3,excel,html,4,15
2015,1,android-layout,html,11,16
2015,1,android-studio,html,7,17
2016,3678,android,html,7,1
2016,2663,c#,html,4,2
2016,1675,css,html,1,3
2016,1215,angularjs,html,2,4
2016,921,ajax,html,4,5
2016,853,bootstrap,html,2,6
2016,711,asp.net,html,4,7
2016,639,c++,html,3,8
2016,594,css3,html,2,9
2016,545,android-studio,html,5,10
2016,534,django,html,5,11
2016,469,asp.net-mvc,html,6,12
2016,446,c,html,6,13
2016,379,android-layout,html,7,14
2016,344,.net,html,3,15
2016,317,asp.net-mvc-5,html,5,16
2016,202,codeigniter,html,4,17
2016,145,excel,html,5,18
2016,38,angularjs-2.0,html,2,19
2017,6055,c#,html,4,1
2017,5159,android,html,9,2
2017,3836,css,html,1,3
2017,2570,ajax,html,4,4
2017,1942,c++,html,4,5
2017,1790,android-studio,html,5,6
2017,1616,asp.net,html,5,7
2017,1454,angularjs,html,3,8
2017,1439,bootstrap,html,2,9
2017,1353,css3,html,1,10
2017,997,c,html,5,11
2017,610,asp.net-mvc,html,4,12
2017,608,django,html,6,13
2017,581,codeigniter,html,5,14
2017,569,.net,html,7,15
2017,547,angularjs-2.0,html,3,16
2017,458,asp.net-mvc-5,html,4,17
2017,434,excel,html,3,18
2017,288,android-layout,html,12,19
2015,54,html,html5,3,1
2015,44,c++,html5,7,2
2015,42,c#,html5,11,3
2015,32,django,html5,8,4
2015,32,android,html5,8,5
2015,22,css,html5,3,6
2015,17,css3,html5,1,7
2015,16,bootstrap,html5,1,8
2015,12,angularjs,html5,6,9
2015,9,ajax,html5,11,10
2015,8,asp.net,html5,12,11
2015,8,.net,html5,18,12
2015,8,asp.net-mvc-5,html5,9,13
2015,6,asp.net-mvc,html5,12,14
2015,4,c,html5,14,15
2015,1,android-layout,html5,10,16
2016,3246,android,html5,13,1
2016,2559,html,html5,5,2
2016,2397,c#,html5,10,3
2016,1361,css,html5,5,4
2016,1044,angularjs,html5,4,5
2016,761,ajax,html5,6,6
2016,729,bootstrap,html5,6,7
2016,644,asp.net,html5,7,8
2016,613,css3,html5,1,9
2016,492,android-studio,html5,10,10
2016,491,c++,html5,14,11
2016,471,asp.net-mvc,html5,5,12
2016,414,django,html5,13,13
2016,385,c,html5,10,14
2016,361,android-layout,html5,11,15
2016,324,asp.net-mvc-5,html5,4,16
2016,292,.net,html5,16,17
2016,137,codeigniter,html5,6,18
2017,6523,html,html5,5,1
2017,4437,c#,html5,13,2
2017,4066,android,html5,19,3
2017,2959,css,html5,5,4
2017,2056,ajax,html5,6,5
2017,1432,android-studio,html5,13,6
2017,1330,css3,html5,3,7
2017,1307,asp.net,html5,12,8
2017,1263,angularjs,html5,5,9
2017,1230,bootstrap,html5,6,10
2017,859,c++,html5,31,11
2017,589,c,html5,24,12
2017,552,asp.net-mvc,html5,7,13
2017,504,codeigniter,html5,6,14
2017,472,django,html5,11,15
2017,447,.net,html5,17,16
2017,393,asp.net-mvc-5,html5,10,17
2017,224,android-layout,html5,19,18
2015,8,c++,ide,22,1
2016,54,c++,ide,31,1
2017,1305,c++,ide,21,1
2016,1545,c#,iis,26,1
2016,480,asp.net,iis,23,2
2016,266,asp.net-mvc,iis,23,3
2017,3607,c#,iis,22,1
2017,991,asp.net,iis,21,2
2017,314,asp.net-mvc,iis,23,3
2016,1087,html,ionic,21,1
2016,936,angularjs,ionic,9,2
2016,607,html5,ionic,18,3
2016,539,css,ionic,25,4
2016,247,bootstrap,ionic,30,5
2016,217,css3,ionic,23,6
2017,2545,html,ionic,23,1
2017,1183,css,ionic,22,2
2017,949,angularjs,ionic,12,3
2017,923,html5,ionic,22,4
2017,488,css3,ionic,18,5
2017,403,bootstrap,ionic,30,6
2015,34,android,ios,6,1
2015,11,html,ios,17,2
2015,6,css,ios,12,3
2015,5,html5,ios,17,4
2015,2,android-layout,ios,2,5
2015,2,css3,ios,20,6
2015,1,android-studio,ios,8,7
2016,2849,android,ios,24,1
2016,1102,html,ios,20,2
2016,619,html5,ios,17,3
2016,586,css,ios,23,4
2016,418,android-studio,ios,20,5
2016,337,android-layout,ios,17,6
2016,236,css3,ios,21,7
2017,3450,android,ios,26,1
2017,2088,html,ios,28,2
2017,1210,android-studio,ios,22,3
2017,1043,css,ios,29,4
2017,725,html5,ios,26,5
2017,419,css3,ios,24,6
2017,264,android-layout,ios,15,7
2015,99,c++,java,1,1
2015,94,android,java,1,2
2015,90,c#,java,3,3
2015,42,html,java,4,4
2015,30,django,java,12,5
2015,26,html5,java,4,6
2015,19,.net,java,4,7
2015,18,css,java,6,8
2015,13,asp.net,java,6,9
2015,12,eclipse,java,1,10
2015,12,angularjs,java,7,11
2015,11,c,java,2,12
2015,10,ajax,java,9,13
2015,6,asp.net-mvc,java,10,14
2015,6,excel,java,1,15
2015,5,css3,java,11,16
2015,5,google-maps,java,2,17
2015,5,bootstrap,java,9,18
2015,4,android-layout,java,1,19
2015,3,android-studio,java,1,20
2016,5539,android,java,1,1
2016,2578,c#,java,7,2
2016,2191,html,java,6,3
2016,1169,html5,java,5,4
2016,1039,css,java,8,5
2016,932,angularjs,java,11,6
2016,851,android-studio,java,1,7
2016,808,c++,java,1,8
2016,694,ajax,java,9,9
2016,597,asp.net,java,10,10
2016,542,bootstrap,java,9,11
2016,538,c,java,2,12
2016,527,android-layout,java,1,13
2016,472,django,java,8,14
2016,391,css3,java,7,15
2016,382,asp.net-mvc,java,13,16
2016,313,.net,java,9,17
2016,292,google-maps,java,2,18
2016,275,eclipse,java,1,19
2016,196,excel,java,1,20
2017,8109,android,java,1,1
2017,5540,html,java,6,2
2017,5218,c#,java,10,3
2017,2698,android-studio,java,1,4
2017,2272,css,java,8,5
2017,1952,c++,java,3,6
2017,1816,html5,java,5,7
2017,1684,ajax,java,9,8
2017,1192,angularjs,java,8,9
2017,1168,asp.net,java,16,10
2017,1018,c,java,4,11
2017,840,bootstrap,java,9,12
2017,830,css3,java,7,13
2017,533,.net,java,9,14
2017,527,android-layout,java,2,15
2017,510,django,java,10,16
2017,445,eclipse,java,1,17
2017,407,excel,java,5,18
2017,404,asp.net-mvc,java,18,19
2017,332,google-maps,java,2,20
2015,18,java,java-8,22,1
2016,1400,java,java-8,28,1
2017,4024,java,java-8,23,1
2015,101,java,java-ee,3,1
2016,1123,java,java-ee,32,1
2017,4153,java,java-ee,21,1
2016,2838,java,java-swing,9,1
2016,340,android-studio,java-swing,29,2
2017,5905,java,java-swing,8,1
2017,1175,android-studio,java-swing,26,2
2016,1505,java,javafx,26,1
2017,3591,java,javafx,29,1
2015,169,java,javascript,1,1
2015,119,c#,javascript,1,2
2015,70,html,javascript,1,3
2015,61,c++,javascript,3,4
2015,46,android,javascript,2,5
2015,46,html5,javascript,1,6
2015,38,django,javascript,4,7
2015,26,angularjs,javascript,1,8
2015,24,css,javascript,2,9
2015,24,asp.net-mvc-5,javascript,2,10
2015,22,.net,javascript,2,11
2015,22,ajax,javascript,1,12
2015,19,asp.net,javascript,2,13
2015,14,asp.net-mvc,javascript,3,14
2015,11,css3,javascript,3,15
2015,9,bootstrap,javascript,2,16
2015,8,c,javascript,5,17
2015,7,google-maps,javascript,1,18
2015,4,excel,javascript,2,19
2015,1,android-layout,javascript,9,20
2015,1,codeigniter,javascript,3,21
2015,1,android-studio,javascript,6,22
2016,4288,java,javascript,2,1
2016,3787,android,javascript,6,2
2016,3387,html,javascript,1,3
2016,2968,c#,javascript,1,4
2016,1764,html5,javascript,1,5
2016,1585,css,javascript,2,6
2016,1458,angularjs,javascript,1,7
2016,1093,ajax,javascript,1,8
2016,864,bootstrap,javascript,1,9
2016,855,asp.net,javascript,2,10
2016,625,django,javascript,3,11
2016,603,c++,javascript,7,12
2016,588,css3,javascript,3,13
2016,571,android-studio,javascript,4,14
2016,556,asp.net-mvc,javascript,2,15
2016,466,c,javascript,4,16
2016,395,android-layout,javascript,6,17
2016,373,asp.net-mvc-5,javascript,3,18
2016,355,.net,javascript,2,19
2016,339,ionic,javascript,1,20
2016,295,google-maps,javascript,1,21
2016,251,apache,javascript,2,22
2016,208,codeigniter,javascript,2,23
2016,156,excel,javascript,4,24
2016,62,angularjs-2.0,javascript,1,25
2017,8793,java,javascript,2,1
2017,8666,html,javascript,1,2
2017,6486,c#,javascript,1,3
2017,5477,android,javascript,6,4
2017,3620,css,javascript,2,5
2017,3015,ajax,javascript,1,6
2017,2962,html5,javascript,1,7
2017,2003,c++,javascript,1,8
2017,1913,android-studio,javascript,4,9
2017,1884,angularjs,javascript,1,10
2017,1755,asp.net,javascript,2,11
2017,1542,bootstrap,javascript,1,12
2017,1350,css3,javascript,2,13
2017,979,c,javascript,6,14
2017,729,angularjs-2.0,javascript,1,15
2017,711,django,javascript,3,16
2017,680,codeigniter,javascript,2,17
2017,678,asp.net-mvc,javascript,2,18
2017,610,.net,javascript,2,19
2017,499,asp.net-mvc-5,javascript,2,20
2017,450,excel,javascript,1,21
2017,445,ionic,javascript,1,22
2017,401,google-maps,javascript,1,23
2017,364,android-layout,javascript,6,24
2017,358,apache,javascript,2,25
2015,25,java,jdbc,20,1
2016,1372,java,jdbc,29,1
2017,3350,java,jdbc,30,1
2015,231,javascript,jquery,1,1
2015,97,java,jquery,4,2
2015,76,c#,jquery,4,3
2015,56,html,jquery,2,4
2015,43,c++,jquery,8,5
2015,34,html5,jquery,2,6
2015,32,django,jquery,9,7
2015,22,asp.net-mvc-5,jquery,3,8
2015,22,android,jquery,16,9
2015,19,angularjs,jquery,2,10
2015,18,asp.net,jquery,3,11
2015,17,.net,jquery,5,12
2015,17,ajax,jquery,2,13
2015,13,css,jquery,8,14
2015,13,asp.net-mvc,jquery,4,15
2015,7,bootstrap,jquery,5,16
2015,7,css3,jquery,5,17
2015,3,c,jquery,21,18
2015,1,codeigniter,jquery,2,19
2016,5554,javascript,jquery,1,1
2016,3533,java,jquery,4,2
2016,3332,android,jquery,11,3
2016,3018,html,jquery,3,4
2016,2641,c#,jquery,5,5
2016,1568,html5,jquery,2,6
2016,1474,css,jquery,3,7
2016,1069,ajax,jquery,2,8
2016,1018,angularjs,jquery,6,9
2016,841,bootstrap,jquery,3,10
2016,787,asp.net,jquery,3,11
2016,534,asp.net-mvc,jquery,3,12
2016,533,css3,jquery,4,13
2016,493,django,jquery,7,14
2016,486,android-studio,jquery,11,15
2016,376,c++,jquery,20,16
2016,374,asp.net-mvc-5,jquery,2,17
2016,360,android-layout,jquery,12,18
2016,303,.net,jquery,12,19
2016,280,c,jquery,15,20
2016,184,codeigniter,jquery,5,21
2017,14988,javascript,jquery,1,1
2017,7532,html,jquery,3,2
2017,7344,java,jquery,4,3
2017,5640,c#,jquery,7,4
2017,4470,android,jquery,13,5
2017,3192,css,jquery,4,6
2017,2885,ajax,jquery,3,7
2017,2607,html5,jquery,2,8
2017,1618,asp.net,jquery,4,9
2017,1508,android-studio,jquery,10,10
2017,1431,bootstrap,jquery,3,11
2017,1341,angularjs,jquery,4,12
2017,1239,css3,jquery,4,13
2017,1159,c++,jquery,24,14
2017,651,c,jquery,21,15
2017,635,django,jquery,5,16
2017,614,codeigniter,jquery,4,17
2017,603,asp.net-mvc,jquery,5,18
2017,524,.net,jquery,11,19
2017,470,asp.net-mvc-5,jquery,3,20
2017,303,android-layout,jquery,10,21
2016,1333,javascript,jquery-ui,29,1
2016,847,jquery,jquery-ui,23,2
2016,846,html,jquery-ui,25,3
2016,456,css,jquery-ui,30,4
2016,430,html5,jquery-ui,27,5
2017,4256,javascript,jquery-ui,25,1
2017,2136,jquery,jquery-ui,23,2
2017,1949,html,jquery-ui,29,3
2017,964,css,jquery-ui,31,4
2017,684,html5,jquery-ui,29,5
2016,1459,javascript,jquery-validate,25,1
2016,990,jquery,jquery-validate,17,2
2016,451,html5,jquery-validate,26,3
2017,3446,javascript,jquery-validate,30,1
2017,1971,jquery,jquery-validate,25,2
2017,610,html5,jquery-validate,30,3
2015,1,java,jsf,27,1
2016,1745,java,jsf,23,1
2017,4433,java,jsf,16,1
2016,2565,java,jsp,11,1
2016,2125,javascript,jsp,15,2
2016,1236,html,jsp,16,3
2016,1102,jquery,jsp,13,4
2016,634,html5,jsp,15,5
2016,612,css,jsp,21,6
2016,286,bootstrap,jsp,27,7
2016,258,css3,jsp,18,8
2017,4495,javascript,jsp,23,1
2017,4417,java,jsp,17,2
2017,2509,html,jsp,25,3
2017,2312,jquery,jsp,18,4
2017,1075,css,jsp,27,5
2017,858,html5,jsp,24,6
2017,409,bootstrap,jsp,29,7
2017,392,css3,jsp,27,8
2015,21,javascript,laravel,22,1
2015,7,jquery,laravel,22,2
2015,6,html,laravel,21,3
2015,5,ajax,laravel,18,4
2015,3,css,laravel,23,5
2015,1,html5,laravel,24,6
2015,1,css3,laravel,21,7
2016,1837,javascript,laravel,19,1
2016,1332,java,laravel,30,2
2016,1084,html,laravel,22,3
2016,1079,jquery,laravel,15,4
2016,554,html5,laravel,21,5
2016,515,angularjs,laravel,29,6
2016,483,css,laravel,29,7
2016,370,ajax,laravel,25,8
2016,294,bootstrap,laravel,25,9
2016,190,css3,laravel,27,10
2017,7174,javascript,laravel,8,1
2017,3758,html,laravel,9,2
2017,3750,jquery,laravel,4,3
2017,3749,java,laravel,28,4
2017,1543,css,laravel,12,5
2017,1281,ajax,laravel,17,6
2017,1251,html5,laravel,8,7
2017,726,angularjs,laravel,16,8
2017,614,bootstrap,laravel,13,9
2017,575,css3,laravel,12,10
2015,19,javascript,laravel-5,24,1
2015,13,laravel,laravel-5,2,2
2015,7,jquery,laravel-5,21,3
2015,5,ajax,laravel-5,19,4
2015,5,html,laravel-5,23,5
2015,3,css,laravel-5,24,6
2015,1,html5,laravel-5,25,7
2015,1,css3,laravel-5,25,8
2016,1865,javascript,laravel-5,18,1
2016,1144,html,laravel-5,18,2
2016,1099,jquery,laravel-5,14,3
2016,673,laravel,laravel-5,2,4
2016,593,html5,laravel-5,19,5
2016,587,css,laravel-5,22,6
2016,491,angularjs,laravel-5,30,7
2016,360,ajax,laravel-5,27,8
2016,304,bootstrap,laravel-5,24,9
2016,222,css3,laravel-5,22,10
2017,5855,javascript,laravel-5,13,1
2017,3028,html,laravel-5,17,2
2017,3024,jquery,laravel-5,10,3
2017,1686,laravel,laravel-5,2,4
2017,1256,css,laravel-5,19,5
2017,1077,ajax,laravel-5,21,6
2017,1003,html5,laravel-5,16,7
2017,681,angularjs,laravel-5,21,8
2017,482,bootstrap,laravel-5,21,9
2017,460,css3,laravel-5,19,10
2016,216,laravel,laravel-blade,18,1
2016,199,laravel-5,laravel-blade,16,2
2017,855,laravel,laravel-blade,5,1
2017,696,laravel-5,laravel-blade,4,2
2016,2212,c#,linq,13,1
2016,482,asp.net,linq,22,2
2016,366,asp.net-mvc,linq,16,3
2016,261,.net,linq,21,4
2017,4392,c#,linq,14,1
2017,1000,asp.net,linq,20,2
2017,420,.net,linq,19,3
2017,410,asp.net-mvc,linq,17,4
2015,109,javascript,linux,4,1
2015,42,c++,linux,10,2
2015,40,java,linux,15,3
2015,33,jquery,linux,5,4
2015,28,django,linux,15,5
2015,25,html,linux,8,6
2015,22,html5,linux,6,7
2015,15,android,linux,22,8
2015,7,css,linux,11,9
2015,7,c,linux,7,10
2015,6,bootstrap,linux,8,11
2015,5,css3,linux,10,12
2015,5,ajax,linux,20,13
2015,3,laravel,linux,5,14
2015,2,laravel-5,linux,5,15
2015,1,android-studio,linux,5,16
2016,2633,javascript,linux,8,1
2016,2408,java,linux,12,2
2016,2397,android,linux,30,3
2016,1484,html,linux,11,4
2016,1280,jquery,linux,9,5
2016,768,html5,linux,11,6
2016,733,css,linux,17,7
2016,674,c++,linux,2,8
2016,431,c,linux,7,9
2016,425,ajax,linux,23,10
2016,378,android-studio,linux,24,11
2016,360,bootstrap,linux,15,12
2016,337,laravel-5,linux,4,13
2016,333,laravel,linux,5,14
2016,329,django,linux,19,15
2016,290,css3,linux,12,16
2017,6155,javascript,linux,11,1
2017,4845,java,linux,13,2
2017,3369,android,linux,31,3
2017,3073,html,linux,16,4
2017,2823,jquery,linux,12,5
2017,1825,c++,linux,7,6
2017,1329,css,linux,16,7
2017,1152,android-studio,linux,31,8
2017,1027,html5,linux,14,9
2017,964,ajax,linux,29,10
2017,952,c,linux,8,11
2017,674,laravel,linux,15,12
2017,538,laravel-5,linux,14,13
2017,529,css3,linux,14,14
2017,475,bootstrap,linux,23,15
2017,425,django,linux,15,16
2016,762,html,mariadb,30,1
2016,655,jquery,mariadb,30,2
2016,219,laravel,mariadb,16,3
2016,215,laravel-5,mariadb,15,4
2017,1882,html,mariadb,31,1
2017,1678,jquery,mariadb,27,2
2017,646,laravel,mariadb,16,3
2017,525,laravel-5,mariadb,15,4
2015,38,javascript,mongodb,18,1
2016,2038,javascript,mongodb,16,1
2017,3529,javascript,mongodb,28,1
2015,96,javascript,mysql,6,1
2015,77,java,mysql,6,2
2015,50,c++,mysql,5,3
2015,40,c#,mysql,12,4
2015,37,jquery,mysql,3,5
2015,36,android,mysql,4,6
2015,29,linux,mysql,2,7
2015,28,django,mysql,14,8
2015,21,html,mysql,9,9
2015,19,html5,mysql,7,10
2015,14,.net,mysql,11,11
2015,10,c,mysql,4,12
2015,8,asp.net,mysql,13,13
2015,8,asp.net-mvc-5,mysql,11,14
2015,6,ajax,mysql,14,15
2015,5,asp.net-mvc,mysql,13,16
2015,5,css,mysql,14,17
2015,4,laravel,mysql,4,18
2015,3,bootstrap,mysql,15,19
2015,3,css3,mysql,13,20
2015,3,laravel-5,mysql,3,21
2015,2,excel,mysql,5,22
2015,2,angularjs,mysql,23,23
2015,1,android-layout,mysql,8,24
2016,4641,java,mysql,1,1
2016,4321,javascript,mysql,3,2
2016,4041,android,mysql,5,3
2016,2686,c#,mysql,3,4
2016,2574,html,mysql,4,5
2016,2318,jquery,mysql,2,6
2016,1281,html5,mysql,4,7
2016,1227,css,mysql,7,8
2016,934,angularjs,mysql,10,9
2016,785,ajax,mysql,5,10
2016,660,bootstrap,mysql,7,11
2016,619,android-studio,mysql,2,12
2016,619,asp.net,mysql,8,13
2016,602,c++,mysql,8,14
2016,477,laravel,mysql,3,15
2016,475,laravel-5,mysql,2,16
2016,450,css3,mysql,6,17
2016,414,asp.net-mvc,mysql,8,18
2016,408,c,mysql,8,19
2016,405,android-layout,mysql,4,20
2016,364,django,mysql,17,21
2016,305,.net,mysql,11,22
2016,276,ionic,mysql,3,23
2016,275,asp.net-mvc-5,mysql,8,24
2016,274,linux,mysql,2,25
2016,205,codeigniter,mysql,3,26
2016,167,excel,mysql,3,27
2017,11949,javascript,mysql,3,1
2017,9388,java,mysql,1,2
2017,6755,html,mysql,4,3
2017,6433,jquery,mysql,2,4
2017,6131,c#,mysql,3,5
2017,5823,android,mysql,4,6
2017,2741,css,mysql,6,7
2017,2451,ajax,mysql,5,8
2017,2227,html5,mysql,4,9
2017,2030,android-studio,mysql,3,10
2017,1887,c++,mysql,5,11
2017,1502,asp.net,mysql,6,12
2017,1464,laravel,mysql,3,13
2017,1263,angularjs,mysql,6,14
2017,1173,bootstrap,mysql,7,15
2017,1115,laravel-5,mysql,2,16
2017,1032,c,mysql,3,17
2017,980,css3,mysql,6,18
2017,664,codeigniter,mysql,3,19
2017,596,.net,mysql,3,20
2017,587,django,mysql,9,21
2017,579,linux,mysql,2,22
2017,499,asp.net-mvc,mysql,10,23
2017,442,excel,mysql,2,24
2017,396,asp.net-mvc-5,mysql,9,25
2017,376,android-layout,mysql,5,26
2017,336,ionic,mysql,3,27
2017,2762,mysql,mysql-workbench,17,1
2015,12,javascript,mysqli,26,1
2015,11,jquery,mysqli,18,2
2015,10,mysql,mysqli,8,3
2015,5,html5,mysqli,18,4
2015,4,html,mysqli,26,5
2015,2,c#,mysqli,28,6
2015,1,java,mysqli,28,7
2015,1,laravel,mysqli,8,8
2015,1,c,mysqli,26,9
2015,1,bootstrap,mysqli,22,10
2015,1,asp.net,mysqli,28,11
2015,1,android,mysqli,29,12
2015,1,css3,mysqli,24,13
2016,2663,android,mysqli,27,1
2016,2467,javascript,mysqli,11,2
2016,2310,java,mysqli,13,3
2016,1619,html,mysqli,8,4
2016,1555,jquery,mysqli,4,5
2016,1506,mysql,mysqli,2,6
2016,1402,c#,mysqli,30,7
2016,876,html5,mysqli,7,8
2016,738,css,mysqli,15,9
2016,516,ajax,mysqli,15,10
2016,459,angularjs,mysqli,31,11
2016,406,android-studio,mysqli,22,12
2016,399,bootstrap,mysqli,12,13
2016,390,asp.net,mysqli,30,14
2016,372,laravel-5,mysqli,3,15
2016,363,laravel,mysqli,4,16
2016,315,css3,mysqli,8,17
2016,162,c++,mysqli,29,18
2016,129,c,mysqli,32,19
2017,7819,javascript,mysqli,5,1
2017,5101,mysql,mysqli,2,2
2017,4664,java,mysqli,14,3
2017,4456,html,mysqli,7,4
2017,4113,jquery,mysqli,3,5
2017,3769,android,mysqli,21,6
2017,3568,c#,mysqli,23,7
2017,1855,css,mysqli,9,8
2017,1520,ajax,mysqli,11,9
2017,1514,html5,mysqli,6,10
2017,1341,android-studio,mysqli,15,11
2017,1072,c++,mysqli,27,12
2017,923,laravel,mysqli,4,13
2017,794,asp.net,mysqli,27,14
2017,748,c,mysqli,15,15
2017,725,css3,mysqli,8,16
2017,707,bootstrap,mysqli,11,17
2017,702,laravel-5,mysqli,3,18
2017,694,angularjs,mysqli,19,19
2015,69,java,netbeans,9,1
2015,28,c++,netbeans,15,2
2015,27,android,netbeans,11,3
2015,21,javascript,netbeans,23,4
2015,9,c#,netbeans,26,5
2015,9,html,netbeans,19,6
2015,6,jquery,netbeans,23,7
2015,6,css,netbeans,13,8
2015,4,html5,netbeans,22,9
2015,4,c,netbeans,13,10
2015,3,css3,netbeans,14,11
2015,2,mysql,netbeans,23,12
2016,2938,java,netbeans,7,1
2016,2231,android,netbeans,32,2
2016,1605,javascript,netbeans,21,3
2016,1230,c#,netbeans,32,4
2016,787,mysql,netbeans,11,5
2016,784,html,netbeans,28,6
2016,757,jquery,netbeans,24,7
2016,409,html5,netbeans,30,8
2016,383,css,netbeans,31,9
2016,363,android-studio,netbeans,26,10
2016,290,c++,netbeans,25,11
2016,210,c,netbeans,25,12
2016,138,mysqli,netbeans,11,13
2016,134,css3,netbeans,29,14
2017,7229,java,netbeans,5,1
2017,5373,javascript,netbeans,18,2
2017,3639,android,netbeans,22,3
2017,3217,mysql,netbeans,11,4
2017,3182,c#,netbeans,30,5
2017,2733,html,netbeans,20,6
2017,2281,jquery,netbeans,19,7
2017,1542,c++,netbeans,12,8
2017,1335,android-studio,netbeans,16,9
2017,1148,css,netbeans,23,10
2017,966,html5,netbeans,19,11
2017,752,c,netbeans,13,12
2017,507,mysqli,netbeans,14,13
2017,451,css3,netbeans,21,14
2015,108,javascript,nodejs,5,1
2015,89,java,nodejs,5,2
2015,44,c++,nodejs,6,3
2015,33,c#,nodejs,16,4
2015,26,html,nodejs,7,5
2015,22,jquery,nodejs,9,6
2015,13,angularjs,nodejs,4,7
2015,12,css,nodejs,9,8
2015,10,asp.net,nodejs,9,9
2015,9,html5,nodejs,15,10
2015,9,mysql,nodejs,10,11
2015,7,c,nodejs,8,12
2015,7,ajax,nodejs,13,13
2015,6,css3,nodejs,6,14
2015,2,bootstrap,nodejs,20,15
2016,3332,javascript,nodejs,4,1
2016,2047,java,nodejs,17,2
2016,1538,html,nodejs,10,3
2016,1533,c#,nodejs,27,4
2016,1347,jquery,nodejs,7,5
2016,1005,angularjs,nodejs,7,6
2016,799,html5,nodejs,8,7
2016,759,mysql,nodejs,13,8
2016,757,css,nodejs,11,9
2016,443,ajax,nodejs,20,10
2016,423,asp.net,nodejs,27,11
2016,414,django,nodejs,12,12
2016,370,c++,nodejs,21,13
2016,359,android-studio,nodejs,27,14
2016,343,bootstrap,nodejs,17,15
2016,300,c,nodejs,14,16
2016,276,css3,nodejs,15,17
2016,170,mysqli,nodejs,8,18
2017,8294,javascript,nodejs,4,1
2017,4243,java,nodejs,19,2
2017,3250,html,nodejs,13,3
2017,3112,jquery,nodejs,8,4
2017,3033,mysql,nodejs,15,5
2017,2766,c#,nodejs,32,6
2017,1460,css,nodejs,14,7
2017,1155,android-studio,nodejs,30,8
2017,1136,html5,nodejs,11,9
2017,1083,c++,nodejs,26,10
2017,1021,ajax,nodejs,25,11
2017,989,angularjs,nodejs,11,12
2017,768,asp.net,nodejs,29,13
2017,593,c,nodejs,23,14
2017,576,css3,nodejs,11,15
2017,551,mysqli,nodejs,12,16
2017,528,bootstrap,nodejs,17,17
2017,367,django,nodejs,16,18
2015,9,nodejs,npm,4,1
2016,198,nodejs,npm,6,1
2017,457,nodejs,npm,6,1
2015,57,java,oracle,11,1
2015,50,javascript,oracle,13,2
2015,27,c#,oracle,17,3
2015,14,jquery,oracle,14,4
2015,12,html,oracle,16,5
2015,11,mysql,oracle,6,6
2015,10,.net,oracle,17,7
2015,8,html5,oracle,16,8
2015,6,asp.net,oracle,19,9
2016,2116,java,oracle,16,1
2016,1992,javascript,oracle,17,2
2016,1973,c#,oracle,17,3
2016,988,html,oracle,24,4
2016,941,jquery,oracle,19,5
2016,784,mysql,oracle,12,6
2016,523,html5,oracle,23,7
2016,486,asp.net,oracle,21,8
2016,268,.net,oracle,20,9
2016,118,mysqli,oracle,15,10
2017,4470,javascript,oracle,24,1
2017,4398,java,oracle,18,2
2017,3323,c#,oracle,26,3
2017,3243,mysql,oracle,10,4
2017,2321,html,oracle,26,5
2017,2263,jquery,oracle,20,6
2017,762,html5,oracle,25,7
2017,704,asp.net,oracle,32,8
2017,501,mysqli,oracle,15,9
2017,327,.net,oracle,29,10
2015,2,mysql,oracle-11g,22,1
2016,406,mysql,oracle-11g,24,1
2017,1969,mysql,oracle-11g,24,1
2015,30,javascript,pdf,19,1
2015,14,jquery,pdf,15,2
2015,8,mysql,pdf,11,3
2015,8,c#,pdf,27,4
2015,6,ajax,pdf,16,5
2015,5,html,pdf,24,6
2015,5,html5,pdf,21,7
2015,2,java,pdf,26,8
2015,1,angularjs,pdf,25,9
2015,1,css,pdf,27,10
2016,2222,javascript,pdf,13,1
2016,1845,java,pdf,19,2
2016,1581,c#,pdf,25,3
2016,1127,html,pdf,19,4
2016,1071,jquery,pdf,16,5
2016,624,mysql,pdf,14,6
2016,584,html5,pdf,20,7
2016,517,angularjs,pdf,28,8
2016,496,css,pdf,28,9
2016,420,asp.net,pdf,28,10
2016,317,ajax,pdf,29,11
2016,265,bootstrap,pdf,29,12
2016,187,css3,pdf,28,13
2016,125,mysqli,pdf,14,14
2016,36,laravel-5,pdf,18,15
2016,32,laravel,pdf,20,16
2017,6114,javascript,pdf,12,1
2017,3909,java,pdf,24,2
2017,3387,c#,pdf,25,3
2017,3231,html,pdf,14,4
2017,3088,mysql,pdf,14,5
2017,3001,jquery,pdf,11,6
2017,1255,css,pdf,20,7
2017,1076,ajax,pdf,22,8
2017,1004,html5,pdf,15,9
2017,819,laravel,pdf,7,10
2017,798,asp.net,pdf,26,11
2017,634,laravel-5,pdf,6,12
2017,556,mysqli,pdf,11,13
2017,531,angularjs,pdf,24,14
2017,479,bootstrap,pdf,22,15
2017,459,css3,pdf,20,16
2015,159,javascript,php,2,1
2015,71,java,php,8,2
2015,58,jquery,php,1,3
2015,51,c#,php,10,4
2015,29,django,php,13,5
2015,29,html,php,6,6
2015,27,linux,php,3,7
2015,25,android,php,14,8
2015,23,html5,php,5,9
2015,22,mysql,php,1,10
2015,17,asp.net,php,4,11
2015,16,c++,php,19,12
2015,16,.net,php,6,13
2015,14,nodejs,php,2,14
2015,13,laravel,php,1,15
2015,13,ajax,php,5,16
2015,12,laravel-5,php,1,17
2015,12,asp.net-mvc-5,php,5,18
2015,10,angularjs,php,8,19
2015,9,css,php,10,20
2015,8,oracle,php,1,21
2015,8,mysqli,php,1,22
2015,6,asp.net-mvc,php,11,23
2015,5,css3,php,8,24
2015,4,bootstrap,php,13,25
2015,3,c,php,20,26
2015,3,excel,php,3,27
2015,2,codeigniter,php,1,28
2015,1,android-layout,php,7,29
2016,5213,javascript,php,2,1
2016,4146,java,php,3,2
2016,4052,android,php,4,3
2016,3101,html,php,2,4
2016,2835,jquery,php,1,5
2016,2673,mysql,php,1,6
2016,2388,c#,php,11,7
2016,1497,html5,php,3,8
2016,1444,css,php,4,9
2016,1152,angularjs,php,3,10
2016,985,ajax,php,3,11
2016,781,bootstrap,php,4,12
2016,693,laravel,php,1,13
2016,668,mysqli,php,1,14
2016,631,laravel-5,php,1,15
2016,624,c++,php,4,16
2016,617,android-studio,php,3,17
2016,572,asp.net,php,11,18
2016,532,css3,php,5,19
2016,514,nodejs,php,1,20
2016,447,c,php,5,21
2016,419,android-layout,php,3,22
2016,416,django,php,11,23
2016,382,asp.net-mvc,php,14,24
2016,333,linux,php,1,25
2016,312,.net,php,10,26
2016,310,codeigniter,php,1,27
2016,299,ionic,php,2,28
2016,277,apache,php,1,29
2016,239,asp.net-mvc-5,php,12,30
2016,212,oracle,php,1,31
2016,181,excel,php,2,32
2017,14596,javascript,php,2,1
2017,8433,java,php,3,2
2017,8196,mysql,php,1,3
2017,8033,html,php,2,4
2017,7400,jquery,php,1,5
2017,5955,android,php,3,6
2017,5429,c#,php,9,7
2017,3220,css,php,3,8
2017,2944,ajax,php,2,9
2017,2569,html5,php,3,10
2017,2033,android-studio,php,2,11
2017,1990,c++,php,2,12
2017,1934,laravel,php,1,13
2017,1569,mysqli,php,1,14
2017,1539,angularjs,php,2,15
2017,1441,asp.net,php,7,16
2017,1412,laravel-5,php,1,17
2017,1311,bootstrap,php,4,18
2017,1216,css3,php,5,19
2017,1115,c,php,2,20
2017,928,nodejs,php,1,21
2017,827,codeigniter,php,1,22
2017,601,linux,php,1,23
2017,545,.net,php,8,24
2017,509,oracle,php,1,25
2017,467,asp.net-mvc,php,13,26
2017,444,django,php,13,27
2017,421,apache,php,1,28
2017,418,excel,php,4,29
2017,401,asp.net-mvc-5,php,7,30
2017,388,android-layout,php,3,31
2017,361,ionic,php,2,32
2016,113,php,php5,32,1
2016,28,mysql,php5,31,2
2016,7,mysqli,php5,16,3
2016,7,laravel-5,php5,19,4
2016,5,laravel,php5,22,5
2017,6347,php,php5,10,1
2017,2635,mysql,php5,18,2
2017,712,laravel,php5,14,3
2017,640,mysqli,php5,4,4
2017,594,laravel-5,php5,10,5
2016,113,php,php7,31,1
2017,3282,php,php7,25,1
2016,301,php,phpexcel,27,1
2016,110,mysql,phpexcel,29,2
2017,4850,php,phpexcel,13,1
2017,2289,mysql,phpexcel,22,2
2016,291,php,phpmailer,28,1
2016,99,mysql,phpmailer,30,2
2017,5536,php,phpmailer,12,1
2017,2349,mysql,phpmailer,20,2
2015,15,mysql,phpmyadmin,5,1
2015,14,javascript,phpmyadmin,25,2
2015,12,java,phpmyadmin,24,3
2015,11,jquery,phpmyadmin,17,4
2015,6,mysqli,phpmyadmin,2,5
2015,6,php,phpmyadmin,11,6
2015,5,html5,phpmyadmin,20,7
2015,4,html,phpmyadmin,25,8
2015,1,css3,phpmyadmin,22,9
2015,1,bootstrap,phpmyadmin,26,10
2016,2312,php,phpmyadmin,4,1
2016,1402,java,phpmyadmin,27,2
2016,1377,javascript,phpmyadmin,27,3
2016,1006,mysql,phpmyadmin,6,4
2016,992,html,phpmyadmin,23,5
2016,871,jquery,phpmyadmin,20,6
2016,521,css,phpmyadmin,26,7
2016,500,html5,phpmyadmin,24,8
2016,295,laravel,phpmyadmin,7,9
2016,294,mysqli,phpmyadmin,2,10
2016,293,laravel-5,phpmyadmin,6,11
2016,283,android-studio,phpmyadmin,32,12
2016,276,ajax,phpmyadmin,32,13
2016,240,bootstrap,phpmyadmin,31,14
2016,205,css3,phpmyadmin,25,15
2017,9576,php,phpmyadmin,1,1
2017,5783,javascript,phpmyadmin,14,2
2017,4678,mysql,phpmyadmin,3,3
2017,4480,java,phpmyadmin,15,4
2017,3598,html,phpmyadmin,11,5
2017,3372,jquery,phpmyadmin,6,6
2017,1370,css,phpmyadmin,15,7
2017,1252,ajax,phpmyadmin,18,8
2017,1167,android-studio,phpmyadmin,27,9
2017,1112,html5,phpmyadmin,12,10
2017,909,mysqli,phpmyadmin,2,11
2017,807,laravel,phpmyadmin,8,12
2017,623,laravel-5,phpmyadmin,7,13
2017,531,bootstrap,phpmyadmin,16,14
2017,501,css3,phpmyadmin,16,15
2016,597,php,plsql,22,1
2016,406,mysql,plsql,25,2
2017,2981,php,plsql,29,1
2017,1958,mysql,plsql,25,2
2015,48,javascript,postgresql,15,1
2015,38,django,postgresql,3,2
2015,17,c#,postgresql,22,3
2015,16,jquery,postgresql,12,4
2015,15,html,postgresql,14,5
2015,12,java,postgresql,23,6
2015,12,html5,postgresql,9,7
2015,8,php,postgresql,5,8
2015,7,mysql,postgresql,18,9
2015,6,angularjs,postgresql,17,10
2015,3,nodejs,postgresql,7,11
2015,2,css,postgresql,25,12
2015,2,bootstrap,postgresql,18,13
2015,2,css3,postgresql,19,14
2015,2,asp.net,postgresql,27,15
2015,1,ajax,postgresql,25,16
2016,2608,javascript,postgresql,9,1
2016,2207,php,postgresql,5,2
2016,2133,java,postgresql,15,3
2016,1765,c#,postgresql,20,4
2016,1444,html,postgresql,12,5
2016,1382,jquery,postgresql,6,6
2016,1056,mysql,postgresql,5,7
2016,767,html5,postgresql,12,8
2016,740,angularjs,postgresql,18,9
2016,735,css,postgresql,16,10
2016,434,ajax,postgresql,22,11
2016,413,asp.net,postgresql,29,12
2016,395,django,postgresql,14,13
2016,357,bootstrap,postgresql,16,14
2016,324,android-studio,postgresql,31,15
2016,308,laravel,postgresql,6,16
2016,293,laravel-5,postgresql,5,17
2016,276,css3,postgresql,16,18
2016,222,.net,postgresql,29,19
2016,213,nodejs,postgresql,5,20
2016,202,mysqli,postgresql,6,21
2017,6516,php,postgresql,9,1
2017,5504,javascript,postgresql,16,2
2017,5182,java,postgresql,10,3
2017,3639,c#,postgresql,20,4
2017,3365,mysql,postgresql,7,5
2017,2654,html,postgresql,22,6
2017,2544,jquery,postgresql,16,7
2017,1159,android-studio,postgresql,29,8
2017,1078,css,postgresql,26,9
2017,944,html5,postgresql,20,10
2017,921,ajax,postgresql,31,11
2017,762,asp.net,postgresql,30,12
2017,745,laravel,postgresql,11,13
2017,615,laravel-5,postgresql,8,14
2017,499,mysqli,postgresql,16,15
2017,493,angularjs,postgresql,27,16
2017,476,nodejs,postgresql,3,17
2017,429,css3,postgresql,23,18
2017,397,bootstrap,postgresql,31,19
2017,371,.net,postgresql,25,20
2017,306,django,postgresql,18,21
2016,435,php,postgresql-9.3,24,1
2016,228,laravel-5,postgresql-9.3,13,2
2016,227,laravel,postgresql-9.3,15,3
2017,3050,php,postgresql-9.3,28,1
2017,518,laravel,postgresql-9.3,20,2
2017,452,laravel-5,postgresql-9.3,18,3
2015,140,javascript,python,3,1
2015,121,java,python,2,2
2015,64,c++,python,2,3
2015,54,c#,python,8,4
2015,51,django,python,1,5
2015,40,html,python,5,6
2015,39,jquery,python,2,7
2015,33,android,python,7,8
2015,31,linux,python,1,9
2015,26,html5,python,3,10
2015,25,php,python,1,11
2015,23,nodejs,python,1,12
2015,21,mysql,python,3,13
2015,16,css,python,7,14
2015,11,c,python,3,15
2015,11,.net,python,15,16
2015,9,ajax,python,10,17
2015,8,angularjs,python,12,18
2015,6,css3,python,7,19
2015,5,bootstrap,python,11,20
2015,4,laravel,python,3,21
2015,3,laravel-5,python,2,22
2015,1,android-studio,python,4,23
2016,3053,javascript,python,6,1
2016,2887,java,python,8,2
2016,2804,android,python,25,3
2016,2550,php,python,2,4
2016,1790,c#,python,19,5
2016,1603,html,python,9,6
2016,1490,jquery,python,5,7
2016,1132,mysql,python,4,8
2016,893,django,python,1,9
2016,792,html5,python,9,10
2016,754,css,python,12,11
2016,594,angularjs,python,24,12
2016,529,c++,python,9,13
2016,513,ajax,python,16,14
2016,428,android-studio,python,19,15
2016,390,c,python,9,16
2016,386,bootstrap,python,13,17
2016,363,nodejs,python,2,18
2016,278,css3,python,14,19
2016,277,laravel,python,11,20
2016,264,laravel-5,python,9,21
2016,233,.net,python,25,22
2016,224,mysqli,python,5,23
2016,220,linux,python,4,24
2017,7521,php,python,4,1
2017,7255,javascript,python,7,2
2017,5304,java,python,9,3
2017,3631,mysql,python,5,4
2017,3623,html,python,10,5
2017,3484,android,python,24,6
2017,3263,c#,python,29,7
2017,3203,jquery,python,7,8
2017,1855,c++,python,6,9
2017,1518,css,python,13,10
2017,1289,android-studio,python,17,11
2017,1157,html5,python,9,12
2017,1132,ajax,python,20,13
2017,1028,django,python,1,14
2017,974,c,python,7,15
2017,779,laravel,python,9,16
2017,614,mysqli,python,6,17
2017,566,css3,python,13,18
2017,564,laravel-5,python,13,19
2017,560,bootstrap,python,14,20
2017,549,nodejs,python,2,21
2017,532,angularjs,python,23,22
2017,456,linux,python,4,23
2017,336,.net,python,28,24
2015,135,python,python-2.7,1,1
2015,70,javascript,python-2.7,7,2
2015,32,django,python-2.7,7,3
2015,24,c++,python-2.7,17,4
2015,7,php,python-2.7,9,5
2015,1,c,python-2.7,25,6
2016,1386,javascript,python-2.7,26,1
2016,1198,python,python-2.7,2,2
2016,1066,php,python-2.7,16,3
2016,502,django,python-2.7,6,4
2016,162,c++,python-2.7,28,5
2016,140,c,python-2.7,31,6
2017,3479,javascript,python-2.7,29,1
2017,2625,python,python-2.7,2,2
2017,2405,php,python-2.7,31,3
2017,1493,c++,python-2.7,14,4
2017,698,c,python-2.7,18,5
2017,592,django,python-2.7,8,6
2016,413,python,python-2.x,8,1
2017,1562,python,python-2.x,7,1
2015,115,python,python-3.x,2,1
2015,37,django,python-3.x,5,2
2015,22,javascript,python-3.x,21,3
2015,16,python-2.7,python-3.x,1,4
2015,8,jquery,python-3.x,19,5
2015,7,html,python-3.x,20,6
2015,6,php,python-3.x,10,7
2015,6,mysql,python-3.x,20,8
2015,5,html5,python-3.x,19,9
2015,2,c,python-3.x,22,10
2016,1366,javascript,python-3.x,28,1
2016,1289,python,python-3.x,1,2
2016,1076,php,python-3.x,15,3
2016,837,html,python-3.x,26,4
2016,656,jquery,python-3.x,29,5
2016,565,mysql,python-3.x,19,6
2016,554,django,python-3.x,4,7
2016,420,html5,python-3.x,28,8
2016,242,c++,python-3.x,26,9
2016,229,c,python-3.x,23,10
2016,191,python-2.7,python-3.x,1,11
2017,4612,javascript,python-3.x,21,1
2017,3345,php,python-3.x,23,2
2017,3038,python,python-3.x,1,3
2017,1935,html,python-3.x,30,4
2017,1788,jquery,python-3.x,26,5
2017,1684,mysql,python-3.x,31,6
2017,1111,c++,python-3.x,25,7
2017,733,c,python-3.x,16,8
2017,690,html5,python-3.x,28,9
2017,681,django,python-3.x,4,10
2017,449,python-2.7,python-3.x,1,11
2015,18,c++,qt,18,1
2015,2,c,qt,23,2
2015,1,python,qt,17,3
2016,610,c++,qt,5,1
2016,278,c,qt,16,2
2016,204,python,qt,19,3
2017,1445,c++,qt,16,1
2017,1393,python,qt,10,2
2017,542,c,qt,29,3
2015,5,python,r,14,1
2016,197,python,r,20,1
2017,728,python,r,15,1
2015,24,c#,razor,19,1
2015,11,jquery,razor,16,2
2015,10,asp.net-mvc-5,razor,7,3
2015,7,asp.net-mvc,razor,6,4
2015,3,asp.net,razor,26,5
2016,1632,c#,razor,24,1
2016,965,jquery,razor,18,2
2016,440,asp.net,razor,25,3
2016,387,asp.net-mvc,razor,12,4
2016,287,asp.net-mvc-5,razor,7,5
2017,3417,c#,razor,24,1
2017,1330,jquery,razor,32,2
2017,823,asp.net,razor,25,3
2017,507,asp.net-mvc,razor,9,4
2017,396,asp.net-mvc-5,razor,8,5
2015,11,javascript,reactjs,27,1
2015,1,jquery,reactjs,27,2
2016,1577,javascript,reactjs,22,1
2016,730,jquery,reactjs,25,2
2016,157,nodejs,reactjs,9,3
2017,3298,javascript,reactjs,31,1
2017,1553,jquery,reactjs,30,2
2017,471,nodejs,reactjs,4,3
2015,6,javascript,ruby-on-rails,28,1
2015,5,ruby,ruby-on-rails,1,2
2015,4,python,ruby-on-rails,15,3
2015,2,jquery,ruby-on-rails,26,4
2015,1,mysql,ruby-on-rails,25,5
2015,1,html5,ruby-on-rails,26,6
2016,1654,javascript,ruby-on-rails,20,1
2016,1433,php,ruby-on-rails,11,2
2016,852,jquery,ruby-on-rails,22,3
2016,585,mysql,ruby-on-rails,18,4
2016,525,html5,ruby-on-rails,22,5
2016,381,python,ruby-on-rails,10,6
2016,230,ruby,ruby-on-rails,1,7
2017,3610,php,ruby-on-rails,17,1
2017,3185,javascript,ruby-on-rails,32,2
2017,1755,mysql,ruby-on-rails,29,3
2017,1449,jquery,ruby-on-rails,31,4
2017,590,ruby,ruby-on-rails,1,5
2017,573,html5,ruby-on-rails,32,6
2017,534,python,ruby-on-rails,20,7
2016,160,ruby-on-rails,rubygems,1,1
2017,488,ruby-on-rails,rubygems,1,1
2016,94,python,selenium,23,1
2017,1397,python,selenium,9,1
2015,38,java,servlets,16,1
2016,1779,java,servlets,22,1
2017,2905,java,servlets,32,1
2015,33,java,spring,17,1
2015,7,mysql,spring,16,2
2016,1292,java,spring,31,1
2016,838,php,spring,20,2
2016,418,mysql,spring,23,3
2017,4147,java,spring,22,1
2017,3185,php,spring,26,2
2017,1699,mysql,spring,30,3
2015,55,c#,sql-server,6,1
2015,48,java,sql-server,13,2
2015,38,javascript,sql-server,17,3
2015,21,mysql,sql-server,2,4
2015,18,android,sql-server,19,5
2015,15,jquery,sql-server,13,6
2015,11,nodejs,sql-server,3,7
2015,11,c++,sql-server,20,8
2015,10,html,sql-server,18,9
2015,10,python,sql-server,10,10
2015,10,html5,sql-server,14,11
2015,10,php,sql-server,3,12
2015,9,asp.net-mvc-5,sql-server,8,13
2015,8,.net,sql-server,20,14
2015,5,asp.net,sql-server,21,15
2015,4,mysqli,sql-server,3,16
2015,4,angularjs,sql-server,20,17
2015,4,c,sql-server,15,18
2015,4,oracle,sql-server,2,19
2015,4,css,sql-server,18,20
2015,4,css3,sql-server,12,21
2015,3,bootstrap,sql-server,17,22
2015,2,ajax,sql-server,24,23
2015,1,asp.net-mvc,sql-server,19,24
2015,1,android-layout,sql-server,6,25
2016,3310,javascript,sql-server,5,1
2016,3252,java,sql-server,6,2
2016,2995,android,sql-server,16,3
2016,2887,php,sql-server,1,4
2016,2826,c#,sql-server,2,5
2016,1751,html,sql-server,7,6
2016,1693,jquery,sql-server,3,7
2016,1427,mysql,sql-server,3,8
2016,942,html5,sql-server,6,9
2016,788,css,sql-server,9,10
2016,780,angularjs,sql-server,16,11
2016,710,asp.net,sql-server,5,12
2016,541,ajax,sql-server,13,13
2016,465,bootstrap,sql-server,11,14
2016,455,android-studio,sql-server,14,15
2016,376,asp.net-mvc,sql-server,15,16
2016,342,.net,sql-server,4,17
2016,335,c++,sql-server,23,18
2016,331,python,sql-server,14,19
2016,325,android-layout,sql-server,19,20
2016,306,css3,sql-server,9,21
2016,281,nodejs,sql-server,4,22
2016,274,laravel,sql-server,12,23
2016,258,mysqli,sql-server,4,24
2016,256,laravel-5,sql-server,11,25
2016,254,asp.net-mvc-5,sql-server,10,26
2016,235,c,sql-server,22,27
2016,194,oracle,sql-server,2,28
2016,60,python-3.x,sql-server,6,29
2017,8209,php,sql-server,2,1
2017,7569,javascript,sql-server,6,2
2017,6297,c#,sql-server,2,3
2017,6256,java,sql-server,7,4
2017,4167,mysql,sql-server,4,5
2017,4129,android,sql-server,18,6
2017,3858,html,sql-server,8,7
2017,3660,jquery,sql-server,5,8
2017,1715,python,sql-server,6,9
2017,1647,asp.net,sql-server,3,10
2017,1591,css,sql-server,11,11
2017,1391,android-studio,sql-server,14,12
2017,1373,html5,sql-server,7,13
2017,1331,ajax,sql-server,16,14
2017,890,c++,sql-server,30,15
2017,839,laravel,sql-server,6,16
2017,768,angularjs,sql-server,15,17
2017,689,mysqli,sql-server,3,18
2017,669,bootstrap,sql-server,12,19
2017,652,laravel-5,sql-server,5,20
2017,605,css3,sql-server,10,21
2017,580,.net,sql-server,5,22
2017,575,python-3.x,sql-server,4,23
2017,567,asp.net-mvc,sql-server,6,24
2017,459,c,sql-server,32,25
2017,449,asp.net-mvc-5,sql-server,5,26
2017,442,oracle,sql-server,2,27
2017,431,nodejs,sql-server,8,28
2017,290,android-layout,sql-server,11,29
2016,348,sql-server,sql-server-2008,7,1
2017,1285,sql-server,sql-server-2008,3,1
2016,243,sql-server,sql-server-2012,12,1
2016,171,mysql,sql-server-2012,28,2
2017,1883,mysql,sql-server-2012,27,1
2017,1121,sql-server,sql-server-2012,7,2
2015,64,java,sqlite,10,1
2015,40,javascript,sqlite,16,2
2015,20,android,sqlite,17,3
2015,16,python,sqlite,6,4
2015,8,jquery,sqlite,20,5
2015,7,sql-server,sqlite,3,6
2015,7,mysql,sqlite,13,7
2015,6,php,sqlite,13,8
2015,5,html,sqlite,22,9
2015,4,c,sqlite,16,10
2015,1,android-layout,sqlite,5,11
2016,3289,android,sqlite,12,1
2016,2143,java,sqlite,14,2
2016,1505,javascript,sqlite,24,3
2016,976,php,sqlite,18,4
2016,789,html,sqlite,27,5
2016,697,jquery,sqlite,28,6
2016,469,android-studio,sqlite,12,7
2016,436,mysql,sqlite,22,8
2016,414,python,sqlite,7,9
2016,367,android-layout,sqlite,10,10
2016,231,sql-server,sqlite,13,11
2016,160,c,sqlite,30,12
2016,85,python-3.x,sqlite,5,13
2017,4949,java,sqlite,11,1
2017,4853,android,sqlite,10,2
2017,4276,php,sqlite,15,3
2017,3715,javascript,sqlite,27,4
2017,2299,mysql,sqlite,21,5
2017,1878,html,sqlite,32,6
2017,1665,jquery,sqlite,28,7
2017,1636,android-studio,sqlite,8,8
2017,1372,python,sqlite,11,9
2017,643,sql-server,sqlite,18,10
2017,577,c,sqlite,25,11
2017,519,python-3.x,sqlite,6,12
2017,337,android-layout,sqlite,9,13
2016,289,laravel,sublimetext3,8,1
2016,271,laravel-5,sublimetext3,7,2
2017,390,laravel,sublimetext3,22,1
2017,324,laravel-5,sublimetext3,19,2
2015,34,ios,swift,2,1
2015,4,python,swift,16,2
2015,1,php,swift,18,3
2016,1199,php,swift,12,1
2016,406,python,swift,9,2
2016,387,ios,swift,2,3
2017,2116,php,swift,32,1
2017,313,ios,swift,2,2
2017,229,python,swift,23,3
2016,1083,php,symfony2,14,1
2017,3378,php,symfony2,21,1
2016,278,php,symfony3,29,1
2017,3607,php,symfony3,18,1
2016,678,python,tkinter,4,1
2016,171,python-3.x,tkinter,2,2
2017,1490,python,tkinter,8,1
2017,540,python-3.x,tkinter,5,2
2015,6,sql-server,tsql,4,1
2016,334,sql-server,tsql,9,1
2017,1103,sql-server,tsql,8,1
2015,64,javascript,typescript,9,1
2015,31,jquery,typescript,6,2
2015,7,mysql,typescript,17,3
2015,6,angularjs,typescript,16,4
2015,6,php,typescript,12,5
2015,2,nodejs,typescript,8,6
2016,1116,javascript,typescript,31,1
2016,449,jquery,typescript,32,2
2016,409,php,typescript,25,3
2016,408,angularjs,typescript,32,4
2016,180,mysql,typescript,27,5
2016,151,nodejs,typescript,10,6
2016,33,angularjs-2.0,typescript,3,7
2017,5132,javascript,typescript,20,1
2017,4181,php,typescript,16,2
2017,2045,jquery,typescript,24,3
2017,1932,mysql,typescript,26,4
2017,714,angularjs,typescript,17,5
2017,592,angularjs-2.0,typescript,2,6
2017,464,nodejs,typescript,5,7
2015,84,python,ubuntu,3,1
2015,51,javascript,ubuntu,12,2
2015,33,c++,ubuntu,12,3
2015,27,django,ubuntu,17,4
2015,26,java,ubuntu,19,5
2015,20,linux,ubuntu,4,6
2015,17,jquery,ubuntu,11,7
2015,16,html,ubuntu,12,8
2015,12,html5,ubuntu,10,9
2015,9,python-3.x,ubuntu,1,10
2015,9,mysql,ubuntu,9,11
2015,4,php,ubuntu,15,12
2015,3,c,ubuntu,17,13
2015,3,css,ubuntu,19,14
2015,1,bootstrap,ubuntu,23,15
2015,1,sql-server,ubuntu,11,16
2016,1807,java,ubuntu,20,1
2016,1460,php,ubuntu,10,2
2016,1123,javascript,ubuntu,30,3
2016,671,python,ubuntu,5,4
2016,656,html,ubuntu,32,5
2016,592,jquery,ubuntu,31,6
2016,589,mysql,ubuntu,16,7
2016,507,c++,ubuntu,11,8
2016,352,django,ubuntu,18,9
2016,333,html5,ubuntu,32,10
2016,309,css,ubuntu,32,11
2016,307,c,ubuntu,13,12
2016,224,linux,ubuntu,3,13
2016,203,sql-server,ubuntu,14,14
2016,158,bootstrap,ubuntu,32,15
2016,153,python-3.x,ubuntu,3,16
2016,145,mysqli,ubuntu,10,17
2016,52,laravel-5,ubuntu,17,18
2016,49,laravel,ubuntu,19,19
2017,6695,php,ubuntu,8,1
2017,5157,javascript,ubuntu,19,2
2017,3755,java,ubuntu,27,3
2017,3145,mysql,ubuntu,13,4
2017,2664,html,ubuntu,21,5
2017,2629,jquery,ubuntu,14,6
2017,2056,python,ubuntu,3,7
2017,1635,c++,ubuntu,10,8
2017,1146,css,ubuntu,24,9
2017,934,sql-server,ubuntu,11,10
2017,925,html5,ubuntu,21,11
2017,771,c,ubuntu,12,12
2017,723,laravel,ubuntu,13,13
2017,629,python-3.x,ubuntu,1,14
2017,603,laravel-5,ubuntu,9,15
2017,515,mysqli,ubuntu,13,16
2017,481,linux,ubuntu,3,17
2017,473,bootstrap,ubuntu,24,18
2017,466,django,ubuntu,12,19
2015,30,c++,unity3d,13,1
2016,129,c++,unity3d,30,1
2017,1324,c++,unity3d,19,1
2015,15,python,unix,7,1
2016,369,python,unix,11,1
2017,625,python,unix,17,1
2015,53,java,vb.net,12,1
2015,48,javascript,vb.net,14,2
2015,34,c#,vb.net,15,3
2015,34,jquery,vb.net,4,4
2015,29,c++,vb.net,14,5
2015,15,html,vb.net,13,6
2015,12,python,vb.net,9,7
2015,12,html5,vb.net,12,8
2015,11,.net,vb.net,13,9
2015,8,php,vb.net,4,10
2015,8,mysql,vb.net,12,11
2015,8,sql-server,vb.net,2,12
2015,7,asp.net,vb.net,14,13
2015,5,asp.net-mvc,vb.net,15,14
2015,5,ajax,vb.net,21,15
2015,4,mysqli,vb.net,6,16
2015,4,css,vb.net,15,17
2015,3,c,vb.net,18,18
2015,3,bootstrap,vb.net,16,19
2015,3,css3,vb.net,17,20
2016,2419,c#,vb.net,9,1
2016,2365,javascript,vb.net,12,2
2016,1989,java,vb.net,18,3
2016,1496,php,vb.net,9,4
2016,1232,html,vb.net,17,5
2016,1193,jquery,vb.net,12,6
2016,828,mysql,vb.net,10,7
2016,666,sql-server,vb.net,1,8
2016,620,html5,vb.net,16,9
2016,616,asp.net,vb.net,9,10
2016,615,angularjs,vb.net,23,11
2016,565,css,vb.net,24,12
2016,414,c++,vb.net,17,13
2016,392,asp.net-mvc,vb.net,10,14
2016,368,ajax,vb.net,26,15
2016,322,.net,vb.net,7,16
2016,322,bootstrap,vb.net,20,17
2016,318,c,vb.net,12,18
2016,253,python,vb.net,15,19
2016,206,css3,vb.net,24,20
2016,138,mysqli,vb.net,12,21
2017,5845,php,vb.net,11,1
2017,5463,c#,vb.net,8,2
2017,5389,javascript,vb.net,17,3
2017,4161,java,vb.net,20,4
2017,3269,mysql,vb.net,9,5
2017,2771,html,vb.net,19,6
2017,2525,jquery,vb.net,17,7
2017,1733,sql-server,vb.net,1,8
2017,1360,asp.net,vb.net,10,9
2017,1164,c++,vb.net,23,10
2017,1111,css,vb.net,25,11
2017,1001,html5,vb.net,17,12
2017,930,ajax,vb.net,30,13
2017,911,python,vb.net,13,14
2017,722,c,vb.net,17,15
2017,591,.net,vb.net,4,16
2017,586,mysqli,vb.net,8,17
2017,485,angularjs,vb.net,28,18
2017,482,bootstrap,vb.net,20,19
2017,441,asp.net-mvc,vb.net,16,20
2017,408,css3,vb.net,26,21
2016,200,sql-server,vb6,15,1
2016,110,vb.net,vb6,10,2
2017,813,sql-server,vb6,14,1
2017,520,vb.net,vb6,9,2
2015,7,mysql,vba,14,1
2015,2,php,vba,16,2
2015,1,sql-server,vba,10,3
2016,564,php,vba,23,1
2016,273,mysql,vba,26,2
2016,213,python,vba,18,3
2016,178,vb.net,vba,8,4
2016,146,sql-server,vba,19,5
2017,3117,php,vba,27,1
2017,1823,mysql,vba,28,2
2017,1019,sql-server,vba,10,3
2017,596,python,vba,18,4
2017,558,vb.net,vba,8,5
2015,66,javascript,visual-studio,8,1
2015,39,c#,visual-studio,13,2
2015,36,c++,visual-studio,11,3
2015,27,java,visual-studio,18,4
2015,20,jquery,visual-studio,10,5
2015,13,html,visual-studio,15,6
2015,11,html5,visual-studio,13,7
2015,9,asp.net,visual-studio,10,8
2015,8,.net,visual-studio,19,9
2015,8,python,visual-studio,11,10
2015,5,sql-server,visual-studio,5,11
2015,4,php,visual-studio,14,12
2015,3,mysql,visual-studio,21,13
2015,3,c,visual-studio,19,14
2015,1,vb.net,visual-studio,4,15
2015,1,asp.net-mvc,visual-studio,18,16
2016,2622,c#,visual-studio,6,1
2016,1726,java,visual-studio,25,2
2016,1534,javascript,visual-studio,23,3
2016,844,php,visual-studio,19,4
2016,721,jquery,visual-studio,27,5
2016,684,html,visual-studio,31,6
2016,569,sql-server,visual-studio,2,7
2016,536,asp.net,visual-studio,16,8
2016,529,mysql,visual-studio,20,9
2016,441,c++,visual-studio,15,10
2016,355,vb.net,visual-studio,1,11
2016,348,html5,visual-studio,31,12
2016,330,asp.net-mvc,visual-studio,18,13
2016,328,.net,visual-studio,6,14
2016,252,python,visual-studio,16,15
2016,209,c,visual-studio,26,16
2017,5724,c#,visual-studio,5,1
2017,4610,javascript,visual-studio,22,2
2017,4447,php,visual-studio,14,3
2017,3817,java,visual-studio,25,4
2017,2550,mysql,visual-studio,19,5
2017,2295,html,visual-studio,27,6
2017,2206,jquery,visual-studio,21,7
2017,1454,c++,visual-studio,15,8
2017,1384,sql-server,visual-studio,2,9
2017,1363,asp.net,visual-studio,9,10
2017,954,vb.net,visual-studio,1,11
2017,859,html5,visual-studio,23,12
2017,713,python,visual-studio,16,13
2017,638,c,visual-studio,22,14
2017,532,.net,visual-studio,10,15
2017,458,asp.net-mvc,visual-studio,15,16
2016,1270,c#,visual-studio-2013,31,1
2016,424,c++,visual-studio-2013,16,2
2016,338,asp.net,visual-studio-2013,32,3
2016,327,sql-server,visual-studio-2013,10,4
2016,240,vb.net,visual-studio-2013,6,5
2017,3921,c#,visual-studio-2013,18,1
2017,925,asp.net,visual-studio-2013,23,2
2017,849,sql-server,visual-studio-2013,12,3
2017,827,c++,visual-studio-2013,32,4
2017,683,vb.net,visual-studio-2013,5,5
2015,13,c#,visual-studio-2015,25,1
2015,8,visual-studio,visual-studio-2015,2,2
2015,5,.net,visual-studio-2015,24,3
2015,3,sql-server,visual-studio-2015,7,4
2015,3,asp.net,visual-studio-2015,24,5
2015,2,asp.net-mvc-5,visual-studio-2015,13,6
2015,2,jquery,visual-studio-2015,25,7
2015,1,mysql,visual-studio-2015,24,8
2015,1,php,visual-studio-2015,17,9
2016,2135,c#,visual-studio-2015,15,1
2016,1156,php,visual-studio-2015,13,2
2016,866,jquery,visual-studio-2015,21,3
2016,591,mysql,visual-studio-2015,15,4
2016,512,asp.net,visual-studio-2015,18,5
2016,471,html5,visual-studio-2015,25,6
2016,404,sql-server,visual-studio-2015,6,7
2016,393,c++,visual-studio-2015,18,8
2016,301,asp.net-mvc,visual-studio-2015,20,9
2016,262,vb.net,visual-studio-2015,4,10
2016,246,.net,visual-studio-2015,24,11
2016,220,visual-studio,visual-studio-2015,2,12
2016,209,asp.net-mvc-5,visual-studio-2015,13,13
2016,208,c,visual-studio-2015,27,14
2017,5165,c#,visual-studio-2015,11,1
2017,3355,php,visual-studio-2015,22,2
2017,2021,mysql,visual-studio-2015,23,3
2017,1582,jquery,visual-studio-2015,29,4
2017,1208,asp.net,visual-studio-2015,14,5
2017,1127,sql-server,visual-studio-2015,6,6
2017,988,c++,visual-studio-2015,29,7
2017,740,vb.net,visual-studio-2015,3,8
2017,605,html5,visual-studio-2015,31,9
2017,561,c,visual-studio-2015,28,10
2017,473,asp.net-mvc,visual-studio-2015,12,11
2017,460,.net,visual-studio-2015,16,12
2017,419,asp.net-mvc-5,visual-studio-2015,6,13
2017,353,visual-studio,visual-studio-2015,2,14
2017,633,sql-server,visual-studio-2017,19,1
2016,24,laravel,vue.js,21,1
2017,572,laravel,vue.js,19,1
2015,1,sql-server,wcf,13,1
2016,342,sql-server,wcf,8,1
2016,185,vb.net,wcf,7,2
2017,616,sql-server,wcf,20,1
2017,447,vb.net,wcf,10,2
2015,68,python,windows,4,1
2015,63,javascript,windows,10,2
2015,27,django,windows,16,3
2015,27,jquery,windows,7,4
2015,21,java,windows,21,5
2015,20,html,windows,10,6
2015,20,mysql,windows,4,7
2015,17,c#,windows,23,8
2015,15,html5,windows,8,9
2015,11,linux,windows,5,10
2015,9,python-3.x,windows,2,11
2015,8,nodejs,windows,6,12
2015,8,c++,windows,23,13
2015,8,php,windows,6,14
2015,6,angularjs,windows,15,15
2015,6,asp.net,windows,16,16
2015,5,android,windows,24,17
2015,4,css,windows,17,18
2015,4,mysqli,windows,5,19
2015,3,sql-server,windows,6,20
2015,3,.net,windows,26,21
2015,3,css3,windows,16,22
2015,2,bootstrap,windows,19,23
2015,1,ajax,windows,27,24
2015,1,vb.net,windows,3,25
2016,2790,javascript,windows,7,1
2016,2660,android,windows,28,2
2016,2631,java,windows,10,3
2016,2241,c#,windows,12,4
2016,1972,php,windows,7,5
2016,1441,html,windows,13,6
2016,1311,jquery,windows,8,7
2016,939,mysql,windows,8,8
2016,933,python,windows,3,9
2016,780,html5,windows,10,10
2016,778,angularjs,windows,17,11
2016,738,css,windows,14,12
2016,607,c++,windows,6,13
2016,542,sql-server,windows,4,14
2016,535,asp.net,windows,17,15
2016,435,ajax,windows,21,16
2016,411,android-studio,windows,21,17
2016,380,django,windows,15,18
2016,362,c,windows,11,19
2016,342,bootstrap,windows,18,20
2016,314,nodejs,windows,3,21
2016,298,.net,windows,14,22
2016,283,css3,windows,13,23
2016,280,laravel,windows,10,24
2016,274,vb.net,windows,3,25
2016,261,laravel-5,windows,10,26
2016,217,python-3.x,windows,1,27
2016,196,linux,windows,5,28
2016,170,mysqli,windows,9,29
2017,6992,php,windows,6,1
2017,5675,javascript,windows,15,2
2017,4920,java,windows,12,3
2017,3770,c#,windows,19,4
2017,3478,android,windows,25,5
2017,3361,mysql,windows,8,6
2017,2978,html,windows,18,7
2017,2590,jquery,windows,15,8
2017,1913,python,windows,4,9
2017,1678,c++,windows,9,10
2017,1188,css,windows,21,11
2017,1162,android-studio,windows,28,12
2017,1055,sql-server,windows,9,13
2017,976,html5,windows,18,14
2017,974,ajax,windows,28,15
2017,889,c,windows,10,16
2017,763,laravel,windows,10,17
2017,750,asp.net,windows,31,18
2017,646,vb.net,windows,6,19
2017,623,python-3.x,windows,2,20
2017,588,mysqli,windows,7,21
2017,569,laravel-5,windows,12,22
2017,471,angularjs,windows,29,23
2017,454,nodejs,windows,7,24
2017,443,css3,windows,22,25
2017,431,bootstrap,windows,27,26
2017,415,linux,windows,5,27
2017,368,.net,windows,26,28
2017,358,django,windows,17,29
2015,105,c#,windows-forms,2,1
2015,76,java,windows-forms,7,2
2015,20,.net,windows-forms,3,3
2015,18,python,windows-forms,5,4
2015,17,sql-server,windows-forms,1,5
2015,12,visual-studio,windows-forms,1,6
2015,11,mysql,windows-forms,7,7
2015,10,asp.net,windows-forms,8,8
2015,8,vb.net,windows-forms,1,9
2015,8,php,windows-forms,7,10
2015,7,asp.net-mvc,windows-forms,7,11
2015,2,visual-studio-2015,windows-forms,1,12
2015,1,c,windows-forms,27,13
2016,2555,c#,windows-forms,8,1
2016,1735,java,windows-forms,24,2
2016,990,php,windows-forms,17,3
2016,589,mysql,windows-forms,17,4
2016,560,sql-server,windows-forms,3,5
2016,511,asp.net,windows-forms,19,6
2016,328,vb.net,windows-forms,2,7
2016,304,asp.net-mvc,windows-forms,19,8
2016,299,.net,windows-forms,13,9
2016,282,visual-studio,windows-forms,1,10
2016,279,visual-studio-2015,windows-forms,1,11
2016,213,c,windows-forms,24,12
2016,128,python,windows-forms,22,13
2017,5701,c#,windows-forms,6,1
2017,3077,java,windows-forms,31,2
2017,2439,php,windows-forms,30,3
2017,1511,mysql,windows-forms,32,4
2017,1157,sql-server,windows-forms,4,5
2017,1138,asp.net,windows-forms,17,6
2017,858,vb.net,windows-forms,2,7
2017,521,.net,windows-forms,12,8
2017,487,c,windows-forms,31,9
2017,452,python,windows-forms,21,10
2017,389,asp.net-mvc,windows-forms,19,11
2017,372,visual-studio,windows-forms,1,12
2017,305,visual-studio-2015,windows-forms,1,13
2016,250,python,windows10,17,1
2016,199,php,windows10,30,2
2016,64,sql-server,windows10,20,3
2017,3344,php,windows10,24,1
2017,1163,python,windows10,12,2
2017,702,sql-server,windows10,17,3
2016,638,php,woocommerce,21,1
2016,218,laravel,woocommerce,17,2
2017,3461,php,woocommerce,20,1
2017,439,laravel,woocommerce,21,2
2015,58,javascript,wordpress,11,1
2015,25,jquery,wordpress,8,2
2015,17,html,wordpress,11,3
2015,12,html5,wordpress,11,4
2015,12,php,wordpress,2,5
2015,7,mysql,wordpress,15,6
2015,6,python,wordpress,13,7
2015,5,css3,wordpress,9,8
2015,4,java,wordpress,25,9
2015,4,mysqli,wordpress,4,10
2015,4,bootstrap,wordpress,12,11
2015,3,css,wordpress,22,12
2015,2,laravel-5,wordpress,4,13
2015,2,laravel,wordpress,6,14
2015,2,nodejs,wordpress,9,15
2015,1,sql-server,wordpress,12,16
2015,1,ajax,wordpress,26,17
2016,2524,php,wordpress,3,1
2016,2210,javascript,wordpress,14,2
2016,1792,java,wordpress,21,3
2016,1392,html,wordpress,14,4
2016,1211,jquery,wordpress,11,5
2016,837,mysql,wordpress,9,6
2016,785,css,wordpress,10,7
2016,738,html5,wordpress,13,8
2016,357,ajax,wordpress,28,9
2016,353,python,wordpress,12,10
2016,317,bootstrap,wordpress,21,11
2016,299,css3,wordpress,11,12
2016,272,mysqli,wordpress,3,13
2016,262,laravel,wordpress,13,14
2016,250,laravel-5,wordpress,12,15
2016,174,nodejs,wordpress,7,16
2016,146,sql-server,wordpress,18,17
2017,7528,php,wordpress,3,1
2017,6493,javascript,wordpress,9,2
2017,3774,java,wordpress,26,3
2017,3588,html,wordpress,12,4
2017,3155,mysql,wordpress,12,5
2017,3062,jquery,wordpress,9,6
2017,1707,css,wordpress,10,7
2017,1156,html5,wordpress,10,8
2017,1010,ajax,wordpress,27,9
2017,767,python,wordpress,14,10
2017,717,sql-server,wordpress,16,11
2017,670,css3,wordpress,9,12
2017,635,laravel,wordpress,17,13
2017,559,mysqli,wordpress,10,14
2017,537,bootstrap,wordpress,15,15
2017,495,laravel-5,wordpress,16,16
2017,422,nodejs,wordpress,9,17
2016,355,php,wordpress-theme,26,1
2017,3525,php,wordpress-theme,19,1
2015,53,c#,wpf,9,1
2015,12,windows-forms,wpf,1,2
2015,9,asp.net,wpf,11,3
2015,6,python,wpf,12,4
2015,3,sql-server,wpf,8,5
2015,2,vb.net,wpf,2,6
2016,1508,c#,wpf,28,1
2016,344,asp.net,wpf,31,2
2016,342,python,wpf,13,3
2016,173,sql-server,wpf,17,4
2016,155,vb.net,wpf,9,5
2016,144,windows-forms,wpf,1,6
2017,4059,c#,wpf,17,1
2017,830,asp.net,wpf,24,2
2017,822,sql-server,wpf,13,3
2017,613,vb.net,wpf,7,4
2017,425,windows-forms,wpf,1,5
2017,254,python,wpf,22,6
2016,181,sql-server,xamarin,16,1
2017,719,sql-server,xamarin,15,1
2016,1510,php,xampp,8,1
2016,1100,javascript,xampp,32,2
2016,773,html,xampp,29,3
2016,721,jquery,xampp,26,4
2016,517,mysql,xampp,21,5
2016,417,html5,xampp,29,6
2016,288,laravel,xampp,9,7
2016,270,laravel-5,xampp,8,8
2016,144,python,xampp,21,9
2016,133,mysqli,xampp,13,10
2016,51,sql-server,xampp,21,11
2017,6706,php,xampp,7,1
2017,4138,javascript,xampp,26,2
2017,2882,mysql,xampp,16,3
2017,2526,html,xampp,24,4
2017,2145,jquery,xampp,22,5
2017,705,html5,xampp,27,6
2017,624,mysqli,xampp,5,7
2017,614,laravel,xampp,18,8
2017,589,python,xampp,19,9
2017,565,sql-server,xampp,21,10
2017,486,laravel-5,xampp,17,11
2015,38,ios,xcode,1,1
2015,25,c++,xcode,16,2
2016,401,ios,xcode,1,1
2016,323,c++,xcode,24,2
2017,1018,c++,xcode,28,1
2017,315,ios,xcode,1,2
2015,45,java,xml,14,1
2015,25,javascript,xml,20,2
2015,17,android,xml,20,3
2015,14,c#,xml,24,4
2015,14,python,xml,8,5
2015,10,c++,xml,21,6
2015,9,nodejs,xml,5,7
2015,8,php,xml,8,8
2015,6,mysql,xml,19,9
2015,5,c,xml,10,10
2015,4,angularjs,xml,21,11
2015,4,ajax,xml,23,12
2015,4,asp.net,xml,22,13
2015,4,.net,xml,25,14
2015,3,jquery,xml,24,15
2015,3,html,xml,27,16
2015,3,html5,xml,23,17
2015,3,css,xml,20,18
2015,2,sql-server,xml,9,19
2015,1,android-layout,xml,4,20
2015,1,asp.net-mvc,xml,17,21
2015,1,python-3.x,xml,3,22
2015,1,laravel,xml,7,23
2015,1,css3,xml,23,24
2015,1,bootstrap,xml,24,25
2016,3611,android,xml,8,1
2016,3259,java,xml,5,2
2016,2510,javascript,xml,10,3
2016,2070,php,xml,6,4
2016,2064,c#,xml,16,5
2016,1349,html,xml,15,6
2016,1217,jquery,xml,10,7
2016,947,mysql,xml,7,8
2016,722,html5,xml,14,9
2016,644,css,xml,19,10
2016,582,angularjs,xml,25,11
2016,498,android-studio,xml,8,12
2016,464,asp.net,xml,24,13
2016,435,sql-server,xml,5,14
2016,422,python,xml,6,15
2016,403,ajax,xml,24,16
2016,399,android-layout,xml,5,17
2016,357,c++,xml,22,18
2016,328,bootstrap,xml,19,19
2016,292,asp.net-mvc,xml,22,20
2016,282,.net,xml,17,21
2016,264,c,xml,19,22
2016,260,vb.net,xml,5,23
2016,248,css3,xml,19,24
2016,241,laravel,xml,14,25
2016,228,laravel-5,xml,14,26
2016,174,mysqli,xml,7,27
2016,166,nodejs,xml,8,28
2016,102,python-3.x,xml,4,29
2017,7317,php,xml,5,1
2017,6386,java,xml,6,2
2017,6158,javascript,xml,10,3
2017,5339,android,xml,7,4
2017,4130,c#,xml,16,5
2017,3388,mysql,xml,6,6
2017,3169,html,xml,15,7
2017,2695,jquery,xml,13,8
2017,1752,android-studio,xml,6,9
2017,1724,python,xml,5,10
2017,1600,c++,xml,11,11
2017,1311,css,xml,17,12
2017,1148,sql-server,xml,5,13
2017,1087,html5,xml,13,14
2017,1039,ajax,xml,23,15
2017,972,asp.net,xml,22,16
2017,801,c,xml,11,17
2017,745,laravel,xml,12,18
2017,684,vb.net,xml,4,19
2017,584,python-3.x,xml,3,20
2017,582,laravel-5,xml,11,21
2017,559,mysqli,xml,9,22
2017,529,angularjs,xml,25,23
2017,512,css3,xml,15,24
2017,448,bootstrap,xml,26,25
2017,412,nodejs,xml,10,26
2017,405,.net,xml,22,27
2017,385,android-layout,xml,4,28
2017,310,asp.net-mvc,xml,24,29
2016,252,sql-server,zip,11,1
2017,433,sql-server,zip,22,1
